<?xml version="1.0" encoding="UTF-8"?>
<faces-config
    xmlns="http://java.sun.com/xml/ns/javaee"
    xmlns:xsi="http://www.w3.org/2001/XMLSchema-instance"
    xsi:schemaLocation="http://java.sun.com/xml/ns/javaee 
    http://java.sun.com/xml/ns/javaee/web-facesconfig_2_0.xsd"
    version="2.0">
    
	<application>
    	<el-resolver>
    		org.springframework.web.jsf.el.SpringBeanFacesELResolver
    	</el-resolver>
  	</application>
  	
  	
  	<navigation-rule>
	<from-view-id>index.xhtml</from-view-id>
	<navigation-case>
		<from-outcome>inicio</from-outcome>		
		<to-view-id>paginas/comun/facelets/faceletsInicio.xhtml</to-view-id>
		<redirect />
	</navigation-case>
</navigation-rule>

		
	
	
	
	<managed-bean>
		<managed-bean-name>menuPrincipalBean</managed-bean-name>
		<managed-bean-class>org.sistemas.com.bo.view.MenuPrincipalBean</managed-bean-class>
		<managed-bean-scope>session</managed-bean-scope>	
		<managed-property>
			<property-name>updsService</property-name> 			
			<value>#{updsService}</value>			
		</managed-property>			
	</managed-bean>
	 <!-- ================================================================================== -->
	 	
		
	
	<managed-bean>
		<managed-bean-name>bancoBean</managed-bean-name>
		<managed-bean-class>org.sistemas.com.bo.view.BancoBean</managed-bean-class>
		<managed-bean-scope>session</managed-bean-scope>		
		<managed-property>
			<property-name>updsService</property-name> 			
			<value>#{updsService}</value>			
		</managed-property>		
	</managed-bean>
	
	<managed-bean>
		<managed-bean-name>mapBean</managed-bean-name>
		<managed-bean-class>org.sistemas.com.bo.view.MapBean</managed-bean-class>
		<managed-bean-scope>session</managed-bean-scope>		
		<managed-property>
			<property-name>updsService</property-name> 			
			<value>#{updsService}</value>			
		</managed-property>		
	</managed-bean>
	
	
	<managed-bean>
		<managed-bean-name>mapBeanP</managed-bean-name>
		<managed-bean-class>org.sistemas.com.bo.view.MapBeanP</managed-bean-class>
		<managed-bean-scope>session</managed-bean-scope>		
		<managed-property>
			<property-name>updsService</property-name> 			
			<value>#{updsService}</value>			
		</managed-property>		
	</managed-bean>
	
	
	<managed-bean>
		<managed-bean-name>mapBeanC</managed-bean-name>
		<managed-bean-class>org.sistemas.com.bo.view.MapBeanC</managed-bean-class>
		<managed-bean-scope>session</managed-bean-scope>		
		<managed-property>
			<property-name>updsService</property-name> 			
			<value>#{updsService}</value>			
		</managed-property>		
	</managed-bean>
</faces-config>