<?xml version="1.0" encoding="UTF-8"?>
<!DOCTYPE mapper PUBLIC "-//mybatis.org//DTD Mapper 3.0//EN" 
"http://mybatis.org/dtd/mybatis-3-mapper.dtd">

<mapper namespace="org.sistemas.com.bo.persistence.UpdsMapper">
<cache />  
  <!-- ******************************** fecha BETWEEN  #{fecha1} AND #{fecha2} *************************** -->    
    
  
	<!-- ******************************** PERSONA*************************** -->  
	
	
	<!-- ******************************** PERSONA*************************** -->  
	<resultMap id="BancoResult" type="Banco" >  		
  		<result property="id" column="id"/>
  		<result property="nombre" column="nombre"/>
  		<result property="telefono" column="telefono"/>
  		<result property="web" column="web"/>  		
 	</resultMap> 	
 	
 	<select id="getBanco" parameterType="int"  resultMap="BancoResult">
	select id, nombre, telefono, web
	 from banco
	 where id=#{value} 
  	</select>
  	
 	<select id="getBancos"  resultMap="BancoResult">
	 select id, nombre, telefono, web
	 from banco
	 order by id asc
  	</select> 
  	  	
  	 <insert id="insertBanco" parameterType="Banco" useGeneratedKeys="true" keyProperty="id">
	insert into banco ( nombre, telefono, web)
	values (#{nombre}, #{telefono},#{web})
	</insert>
	
	<delete id="deleteBanco" parameterType="Banco">
			DELETE from banco
			WHERE id = #{id}
	</delete>	
  	
	<update id="updateBanco" parameterType="Banco">
			UPDATE banco
			SET nombre=#{nombre}, telefono=#{telefono}, web=#{web}
			WHERE id = #{id}
	</update>

	
	<!-- ******************************** PERSONA*************************** -->  
	<resultMap id="CoordenadaResult" type="Coordenada" >  		
  		<result property="id" column="id"/>
  		<result property="lat" column="lat"/>
  		<result property="lon" column="lon"/>
  		<result property="titulo" column="titulo"/>  	
  		<result property="idi" column="idi"/>	
 	</resultMap> 	
 	
 	<select id="getCoordenada" parameterType="int"  resultMap="CoordenadaResult">
	select id, lat, lon, titulo, idi
	 from coordenada
	 where idi=#{value} 
  	</select>
  	
 	<select id="getCoordenadaMover" parameterType="Coordenada"  resultMap="CoordenadaResult">
	select id, lat, lon, titulo, idi
	 from coordenada
	 where lat=#{lat} and lon=#{lon}  
  	</select>
  	
 	<select id="getCoordenadas"  resultMap="CoordenadaResult">
	 select id, lat, lon, titulo, idi
	 from coordenada
	 order by id asc
  	</select> 
  	  	
  	 <insert id="insertCoordenada" parameterType="Coordenada" useGeneratedKeys="true" keyProperty="id">
	insert into coordenada ( lat, lon, titulo, idi)
	values (#{lat}, #{lon},#{titulo},#{idi})
	</insert>
	
	<delete id="deleteCoordenada" parameterType="Coordenada">
			DELETE from coordenada
			WHERE idi = #{idi}
	</delete>	
  	
	<update id="updateCoordenada" parameterType="Coordenada">
			UPDATE coordenada
			SET lat=#{lat}, lon=#{lon}, titulo=#{titulo}
			WHERE id = #{id}
	</update>
	
	<!-- ******************************** PERSONA*************************** -->  
	<resultMap id="CoordenadaiResult" type="Coordenadai" >  		
  		<result property="id" column="id"/>
  		<result property="lat" column="lat"/>
  		<result property="lon" column="lon"/>
  		<result property="titulo" column="titulo"/>  
  		<result property="tipo" column="tipo"/> 
  		<result property="d" column="d"/> 	
  		<result property="descr" column="descr"/> 	
  		
  		<result property="cod" column="cod"/> 
  		<result property="fam" column="fam"/> 
  		<result property="dim" column="dim"/> 
  		<result property="est" column="est"/> 
  		<result property="pro" column="pro"/> 
  		
 	</resultMap> 	
 	
 	<select id="getCoordenadai" parameterType="int"  resultMap="CoordenadaiResult">
	select id, lat, lon, titulo, tipo, d, descr, cod, fam, dim, est, pro
	 from coordenadai
	 where id=#{value} 
  	</select>
  	
 	<select id="getCoordenadaiMover" parameterType="Coordenadai"  resultMap="CoordenadaiResult">
	select id, lat, lon, titulo, tipo, d, descr, cod, fam, dim, est, pro
	 from coordenadai
	 where lat=#{lat} and lon=#{lon}  
  	</select>
  	
 	<select id="getCoordenadasi"  resultMap="CoordenadaiResult">
	 select id, lat, lon, titulo, tipo, d, descr, cod, fam, dim, est, pro
	 from coordenadai
	 where tipo='linea'
	 order by id asc
  	</select> 
  	
 	<select id="getCoordenadasip"  resultMap="CoordenadaiResult">
	 select id, lat, lon, titulo, tipo, d, descr, cod, fam, dim, est, pro
	 from coordenadai
	 where tipo='poligono'
	 order by id asc
  	</select> 
  	
 	<select id="getCoordenadasic"  resultMap="CoordenadaiResult">
	 select id, lat, lon, titulo, tipo, d, descr, cod, fam, dim, est, pro
	 from coordenadai
	 where tipo='circulo'
	 order by id asc
  	</select> 
  	  	
  	 <insert id="insertCoordenadai" parameterType="Coordenadai" useGeneratedKeys="true" keyProperty="id">
	insert into coordenadai ( lat, lon, titulo, tipo, d, descr, cod, fam, dim, est, pro)
	values (#{lat}, #{lon},#{titulo},#{tipo},#{d},#{descr},#{cod},#{fam},#{dim},#{est},#{pro})
	</insert>
	
	<delete id="deleteCoordenadai" parameterType="Coordenadai">
			DELETE from coordenadai
			WHERE id = #{id}
	</delete>	
  	
	<update id="updateCoordenadai" parameterType="Coordenadai">
			UPDATE coordenadai
			SET lat=#{lat}, lon=#{lon}, titulo=#{titulo},  d=#{d}, descr=#{descr},  cod=#{cod},  fam=#{fam},  dim=#{dim},  est=#{est},  pro=#{pro}
			WHERE id = #{id}
	</update>
 	
 	
</mapper>